{
    "loss": 8.145248591899872,
    "perplexity": 3446.9621707028045,
    "accuracy": 0.01
}