{
    "loss": 8.12994721531868,
    "perplexity": 3394.620376457409,
    "accuracy": 0.037
}
