{
    "loss": 8.117877945303917,
    "perplexity": 3353.896037407515,
    "accuracy": 0.02
}