{
    "loss": 8.100279183821245,
    "perplexity": 3295.3879658733786,
    "accuracy": 0.11798711144806671
}