{
    "loss": 8.115759938955307,
    "perplexity": 3346.799981705934,
    "accuracy": 0.006
}